-- Insert Rows into user
INSERT INTO user (user_name, password, email)
VALUES ('john_doe', 'password123', 'john.doe@example.com'),
       ('jane_smith', 'securepass', 'jane.smith@example.com'),
       ('alice_jones', 'alicepassword', 'alice.jones@example.com'),
       ('bob_brown', 'bobspassword', 'bob.brown@example.com'),
       ('carol_white', 'carolpassword', 'carol.white@example.com'),
       ('dave_black', 'davepassword', 'dave.black@example.com'),
       ('eve_green', 'evepassword', 'eve.green@example.com'),
       ('frank_yellow', 'frankpassword', 'frank.yellow@example.com'),
       ('grace_blue', 'gracepassword', 'grace.blue@example.com'),
       ('hank_red', 'hankpassword', 'hank.red@example.com'),
       ('irene_purple', 'irenepassword', 'irene.purple@example.com'),
       ('jack_orange', 'jackpassword', 'jack.orange@example.com'),
       ('kate_pink', 'katepassword', 'kate.pink@example.com'),
       ('leo_brown', 'leopassword', 'leo.brown@example.com'),
       ('mia_tan', 'miapassword', 'mia.tan@example.com'),
       ('nick_cyan', 'nickpassword', 'nick.cyan@example.com'),
       ('olivia_silver', 'oliviapassword', 'olivia.silver@example.com'),
       ('paul_gold', 'paulpassword', 'paul.gold@example.com'),
       ('quinn_white', 'quinnpassword', 'quinn.white@example.com'),
       ('rachel_black', 'rachelpassword', 'rachel.black@example.com'),
       ('samuel_gray', 'samuelpassword', 'samuel.gray@example.com'),
       ('tina_blue', 'tinapassword', 'tina.blue@example.com'),
       ('ursula_red', 'ursulapassword', 'ursula.red@example.com'),
       ('victor_green', 'victorpassword', 'victor.green@example.com'),
       ('winnie_yellow', 'winniepassword', 'winnie.yellow@example.com'),
       ('xander_purple', 'xanderpassword', 'xander.purple@example.com');

-- Insert Rows into profile
INSERT INTO profile (user_id, first_name, last_name, birth_date)
VALUES (1, 'John', 'Doe', '1985-06-15'),
       (2, 'Jane', 'Smith', '1990-11-22'),
       (3, 'Alice', 'Jones', '1987-03-30'),
       (4, 'Bob', 'Brown', '1992-07-25'),
       (5, 'Carol', 'White', '1980-01-18'),
       (6, 'Dave', 'Black', '1984-08-05'),
       (7, 'Eve', 'Green', '1995-12-12'),
       (8, 'Frank', 'Yellow', '1988-04-20'),
       (9, 'Grace', 'Blue', '1991-09-07'),
       (10, 'Hank', 'Red', '1983-11-02'),
       (11, 'Irene', 'Purple', '1992-05-13'),
       (12, 'Jack', 'Orange', '1989-07-20'),
       (13, 'Kate', 'Pink', '1991-11-01'),
       (14, 'Leo', 'Brown', '1984-12-24'),
       (15, 'Mia', 'Tan', '1993-06-14'),
       (16, 'Nick', 'Cyan', '1987-08-08'),
       (17, 'Olivia', 'Silver', '1995-09-18'),
       (18, 'Paul', 'Gold', '1981-03-30'),
       (19, 'Quinn', 'White', '1990-10-09'),
       (20, 'Rachel', 'Black', '1994-01-25'),
       (21, 'Samuel', 'Gray', '1986-04-14'),
       (22, 'Tina', 'Blue', '1989-07-17'),
       (23, 'Ursula', 'Red', '1992-12-22'),
       (24, 'Victor', 'Green', '1985-11-11'),
       (25, 'Winnie', 'Yellow', '1991-02-20');

-- Insert Rows into address
INSERT INTO address (user_id, street, city, state, postal_code, country)
VALUES (1, '123 Elm Street', 'Springfield', 'IL', '62701', 'USA'),
       (2, '456 Oak Avenue', 'Shelbyville', 'IL', '62565', 'USA'),
       (3, '789 Pine Road', 'Capital City', 'IL', '62704', 'USA'),
       (4, '101 Maple Lane', 'Metropolis', 'IL', '62960', 'USA'),
       (5, '202 Birch Boulevard', 'Riverdale', 'IL', '62001', 'USA'),
       (6, '303 Cedar Drive', 'Smalltown', 'IL', '62101', 'USA'),
       (7, '404 Willow Way', 'Lakewood', 'IL', '62201', 'USA'),
       (8, '505 Spruce Street', 'Big City', 'IL', '62301', 'USA'),
       (9, '606 Redwood Avenue', 'Downtown', 'IL', '62401', 'USA'),
       (10, '707 Fir Court', 'Greenfield', 'IL', '62502', 'USA'),
       (11, '808 Maple Street', 'Brooklyn', 'NY', '11201', 'USA'),
       (12, '909 Oak Avenue', 'Queens', 'NY', '11385', 'USA'),
       (13, '1010 Pine Road', 'Manhattan', 'NY', '10001', 'USA'),
       (14, '1111 Cedar Drive', 'Bronx', 'NY', '10451', 'USA'),
       (15, '1212 Birch Boulevard', 'Staten Island', 'NY', '10301', 'USA'),
       (16, '1313 Elm Street', 'San Francisco', 'CA', '94102', 'USA'),
       (17, '1414 Oak Avenue', 'Los Angeles', 'CA', '90001', 'USA'),
       (18, '1515 Pine Road', 'San Diego', 'CA', '92101', 'USA'),
       (19, '1616 Cedar Drive', 'Sacramento', 'CA', '95814', 'USA'),
       (20, '1717 Birch Boulevard', 'San Jose', 'CA', '95101', 'USA'),
       (21, '1818 Willow Way', 'Austin', 'TX', '73301', 'USA'),
       (22, '1919 Spruce Street', 'Dallas', 'TX', '75201', 'USA'),
       (23, '2020 Redwood Avenue', 'Houston', 'TX', '77001', 'USA'),
       (24, '2121 Fir Court', 'El Paso', 'TX', '79901', 'USA'),
       (25, '2222 Maple Street', 'Austin', 'TX', '73301', 'USA');

-- Insert Rows into order
INSERT INTO `order` (user_id, order_date, status)
VALUES (1, '2024-07-20 10:30:00', 'Shipped'),
       (2, '2024-07-21 14:00:00', 'Processing'),
       (3, '2024-07-22 16:45:00', 'Delivered'),
       (4, '2024-07-23 11:15:00', 'Cancelled'),
       (5, '2024-07-24 09:00:00', 'Shipped'),
       (6, '2024-07-25 13:30:00', 'Processing'),
       (7, '2024-07-26 15:00:00', 'Delivered'),
       (8, '2024-07-27 17:15:00', 'Cancelled'),
       (9, '2024-07-28 10:00:00', 'Shipped'),
       (10, '2024-07-29 14:45:00', 'Processing'),
       (11, '2024-07-30 16:00:00', 'Delivered'),
       (12, '2024-08-01 09:15:00', 'Shipped'),
       (13, '2024-08-02 11:45:00', 'Processing'),
       (14, '2024-08-03 13:00:00', 'Delivered'),
       (15, '2024-08-04 15:30:00', 'Cancelled'),
       (16, '2024-08-05 17:00:00', 'Shipped'),
       (17, '2024-08-06 10:30:00', 'Processing'),
       (18, '2024-08-07 12:00:00', 'Delivered'),
       (19, '2024-08-08 14:30:00', 'Cancelled'),
       (20, '2024-08-09 16:45:00', 'Shipped'),
       (21, '2024-08-10 09:00:00', 'Processing'),
       (22, '2024-08-11 11:15:00', 'Delivered'),
       (23, '2024-08-12 13:30:00', 'Cancelled'),
       (24, '2024-08-13 15:00:00', 'Shipped'),
       (25, '2024-08-14 17:15:00', 'Processing');

-- Insert Rows into product
INSERT INTO product (name, description, price)
VALUES ('Laptop', '15-inch, 8GB RAM, 256GB SSD', 999.99),
       ('Smartphone', '6-inch display, 128GB storage', 699.99),
       ('Tablet', '10-inch display, 64GB storage', 399.99),
       ('Smartwatch', 'Fitness tracker, heart rate monitor', 199.99),
       ('Headphones', 'Noise-cancelling, wireless', 149.99),
       ('Keyboard', 'Mechanical, backlit', 129.99),
       ('Mouse', 'Wireless, ergonomic', 89.99),
       ('Monitor', '27-inch, 4K resolution', 299.99),
       ('Printer', 'Inkjet, wireless', 159.99),
       ('Webcam', '1080p, HD', 79.99),
       ('Bluetooth Speaker', 'Portable, waterproof', 89.99),
       ('Smart Light Bulb', 'LED, color-changing', 29.99),
       ('External Hard Drive', '1TB, USB 3.0', 119.99),
       ('Router', 'Dual-band, high-speed', 139.99),
       ('Gaming Chair', 'Ergonomic, adjustable', 249.99),
       ('Smart Thermostat', 'Wi-Fi enabled', 199.99),
       ('Digital Camera', '24MP, 4K video', 599.99),
       ('Fitness Tracker', 'Heart rate monitor, step counter', 99.99),
       ('Smart Plug', 'Wi-Fi enabled, voice-controlled', 24.99),
       ('USB Hub', '7-port, high-speed', 34.99),
       ('VR Headset', 'High-definition, immersive', 399.99),
       ('Electric Toothbrush', 'Rechargeable, sonic', 89.99),
       ('Home Security Camera', '1080p, night vision', 119.99),
       ('Airpods', 'Wireless, ergonomic', 120.99),
       ('Portable Charger', '20,000mAh, fast charging', 49.99);

-- Insert Rows into category
INSERT INTO category (name, description)
VALUES ('Electronics', 'Devices and gadgets'),
       ('Home Appliances', 'Appliances for home use'),
       ('Computers', 'Laptops, desktops, and accessories'),
       ('Accessories', 'Various computer and tech accessories'),
       ('Wearables', 'Smartwatches and fitness trackers'),
       ('Audio', 'Headphones and speakers'),
       ('Office Supplies', 'Office equipment and supplies'),
       ('Gaming', 'Gaming consoles and accessories'),
       ('Networking', 'Networking equipment and accessories'),
       ('Smart Home', 'Smart home devices and gadgets'),
       ('Mobile Phones', 'Smartphones and accessories'),
       ('Computing Accessories', 'Accessories for computers'),
       ('Health & Fitness', 'Fitness and health products'),
       ('Photography', 'Cameras and photography equipment'),
       ('Entertainment', 'Entertainment devices and gadgets'),
       ('Home Improvement', 'Products for home improvement'),
       ('Personal Care', 'Personal care gadgets'),
       ('Travel Accessories', 'Accessories for travel'),
       ('Outdoor Gear', 'Gear for outdoor activities'),
       ('Smart Appliances', 'Appliances with smart features'),
       ('Charging Solutions', 'Solutions for charging devices'),
       ('Office Furniture', 'Furniture for office use'),
       ('Pet Supplies', 'Supplies for pets'),
       ('Kitchen Appliances', 'Appliances for the kitchen'),
       ('Toys & Games', 'Toys and games for children');

-- Insert Rows into supplier
INSERT INTO supplier (name, contact_info)
VALUES ('Tech Corp', '123 Tech Street, Silicon Valley, CA'),
       ('Gadget Inc.', '456 Gadget Road, New York, NY'),
       ('ElectroMart', '789 Electro Blvd, Los Angeles, CA'),
       ('HomeGoods Ltd.', '101 Home Goods Lane, Chicago, IL'),
       ('OfficePlus', '202 Office Avenue, Houston, TX'),
       ('GameWorld', '303 Game Street, Miami, FL'),
       ('SmartTech', '404 Smart Road, Seattle, WA'),
       ('AudioBest', '505 Audio Street, San Francisco, CA'),
       ('NetGear', '606 Network Lane, Boston, MA'),
       ('SmartHome Solutions', '707 Smart Lane, Denver, CO'),
       ('Innovatech', '808 Innovatech Drive, Austin, TX'),
       ('FutureTech', '909 Future Road, Dallas, TX'),
       ('GizmoWorks', '1010 Gizmo Way, San Diego, CA'),
       ('HomeEssentials', '1111 Essentials Ave, Atlanta, GA'),
       ('OfficeWorks', '1212 Office Road, Phoenix, AZ'),
       ('TechTrends', '1313 Trends Boulevard, Denver, CO'),
       ('GadgetGuru', '1414 Guru Street, San Jose, CA'),
       ('SmartLiving', '1515 Living Lane, Seattle, WA'),
       ('ElectroMasters', '1616 Masters Road, Tampa, FL'),
       ('HomeHaven', '1717 Haven Road, Nashville, TN'),
       ('QuickTech', '1818 Quick Lane, Orlando, FL'),
       ('DigitalSupplies', '1919 Digital Drive, Salt Lake City, UT'),
       ('HomeTechs', '2020 Tech Street, Minneapolis, MN'),
       ('GadgetMasters', '2121 Masters Road, Cleveland, OH'),
       ('TechHouse', '2222 House Lane, Baltimore, MD');


-- Insert Rows into product_category
INSERT INTO product_category (product_id, category_id)
VALUES (1, 3),
       (2, 3),
       (3, 3),
       (4, 5),
       (5, 6),
       (6, 4),
       (7, 4),
       (8, 7),
       (9, 8),
       (10, 7),
       (11, 6),
       (12, 5),
       (13, 7),
       (14, 9),
       (15, 10),
       (16, 10),
       (17, 12),
       (18, 13),
       (19, 15),
       (20, 14),
       (21, 14),
       (22, 11),
       (23, 10),
       (24, 9),
       (25, 20);

-- Insert Rows into order_items
INSERT INTO order_items (order_id, product_id, quantity, price)
VALUES (1, 1, 1, 999.99),
       (1, 2, 1, 699.99),
       (2, 3, 2, 399.99),
       (2, 4, 1, 199.99),
       (3, 5, 1, 149.99),
       (3, 6, 1, 129.99),
       (4, 7, 1, 89.99),
       (4, 8, 1, 299.99),
       (5, 9, 2, 159.99),
       (5, 10, 1, 79.99),
       (6, 11, 1, 89.99),
       (6, 12, 3, 29.99),
       (7, 13, 1, 119.99),
       (7, 14, 1, 139.99),
       (8, 15, 1, 249.99),
       (8, 16, 1, 199.99),
       (9, 17, 1, 599.99),
       (9, 18, 2, 99.99),
       (10, 19, 4, 24.99),
       (10, 20, 2, 34.99),
       (11, 21, 1, 399.99),
       (11, 22, 1, 89.99),
       (12, 23, 1, 119.99),
       (12, 24, 1, 49.99),
       (13, 25, 1, 49.99);

-- Insert Rows into product_supplier
INSERT INTO product_supplier (product_id, supplier_id)
VALUES (1, 1),
       (2, 2),
       (3, 3),
       (4, 4),
       (5, 5),
       (6, 6),
       (7, 7),
       (8, 8),
       (9, 9),
       (10, 10),
       (11, 11),
       (12, 12),
       (13, 13),
       (14, 14),
       (15, 15),
       (16, 16),
       (17, 17),
       (18, 18),
       (19, 19),
       (20, 20),
       (21, 21),
       (22, 22),
       (23, 23),
       (24, 24),
       (25, 25);

-- Insert Rows into review
INSERT INTO review (user_id, product_id, rating, comment, review_date)
VALUES (1, 1, 5, 'Excellent laptop, very fast!', '2024-07-21 15:00:00'),
       (2, 2, 4, 'Great smartphone but a bit expensive.', '2024-07-22 09:00:00'),
       (3, 3, 5, 'Perfect tablet for reading and browsing.', '2024-07-23 11:30:00'),
       (4, 4, 4, 'Useful smartwatch, helps with fitness tracking.', '2024-07-24 10:00:00'),
       (5, 5, 5, 'Amazing sound quality and noise cancellation.', '2024-07-25 14:00:00'),
       (6, 6, 4, 'Nice keyboard, good for typing.', '2024-07-26 16:30:00'),
       (7, 7, 3, 'Comfortable mouse but a bit bulky.', '2024-07-27 10:15:00'),
       (8, 8, 5, 'Fantastic monitor with great clarity.', '2024-07-28 14:45:00'),
       (9, 9, 4, 'Printer is reliable but a bit noisy.', '2024-07-29 12:00:00'),
       (10, 10, 5, 'Webcam quality is excellent for video calls.', '2024-07-30 09:30:00'),
       (11, 11, 4, 'Speaker is waterproof and has great sound.', '2024-08-01 16:00:00'),
       (12, 12, 3, 'Smart light bulb works well but installation was tricky.', '2024-08-02 11:45:00'),
       (13, 13, 5, 'External hard drive is fast and reliable.', '2024-08-03 13:00:00'),
       (14, 14, 4, 'Router provides good coverage and speed.', '2024-08-04 15:15:00'),
       (15, 15, 5, 'Gaming chair is very comfortable.', '2024-08-05 09:00:00'),
       (16, 16, 4, 'Smart thermostat is easy to use and effective.', '2024-08-06 11:30:00'),
       (17, 17, 5, 'Digital camera takes amazing pictures.', '2024-08-07 14:00:00'),
       (18, 18, 4, 'Fitness tracker helps me keep track of my workouts.', '2024-08-08 16:45:00'),
       (19, 19, 5, 'Smart plug is very convenient and works well.', '2024-08-09 10:30:00'),
       (20, 20, 4, 'USB hub is practical and has many ports.', '2024-08-10 12:00:00'),
       (21, 21, 5, 'VR headset provides an immersive experience.', '2024-08-11 14:30:00'),
       (22, 22, 4, 'Electric toothbrush has a great battery life.', '2024-08-12 16:00:00'),
       (23, 23, 5, 'Home security camera is reliable and has great features.', '2024-08-13 09:15:00'),
       (24, 24, 4, 'Portable charger is powerful and handy.', '2024-08-14 11:45:00'),
       (25, 25, 4, 'Portable charger works well but could be more compact.', '2024-08-15 14:00:00');

-- Insert Rows into wishlist
INSERT INTO wishlist (user_id)
VALUES (1),
       (2),
       (3),
       (4),
       (5),
       (6),
       (7),
       (8),
       (9),
       (10),
       (11),
       (12),
       (13),
       (14),
       (15),
       (16),
       (17),
       (18),
       (19),
       (20),
       (21),
       (22),
       (23),
       (24),
       (25);

-- Insert Rows into wishlist_items
INSERT INTO wishlist_items (wishlist_id, product_id)
VALUES (1, 2),
       (1, 5),
       (2, 1),
       (2, 7),
       (3, 8),
       (3, 12),
       (4, 3),
       (4, 14),
       (5, 6),
       (5, 15),
       (6, 9),
       (6, 17),
       (7, 4),
       (7, 18),
       (8, 10),
       (8, 19),
       (9, 11),
       (9, 20),
       (10, 13),
       (10, 21),
       (11, 22),
       (11, 23),
       (12, 24),
       (12, 25),
       (13, 5),
       (13, 7),
       (14, 8),
       (14, 11),
       (15, 9),
       (15, 13);
